Nb-Days, CLEWE ,CLEWE-Vol, CAC ,CAC-Vol,Spread,time,
1,1861.63,0.063212605,5572.1,0.060010714,0.003201891,1,0.00
3,1874.15,0.063205175,5589.19,0.060046176,0.003158998,4,-0.02
1,1878.74,0.063407848,5593.72,0.060249554,0.003158294,5,-0.02
1,1890.84,0.063348388,5620.73,0.060221378,0.003127011,6,-0.02
1,1888.74,0.063352802,5618.81,0.060242809,0.003109993,7,-0.03
1,1873.35,0.063082738,5576.82,0.060011181,0.003071557,8,-0.03
3,1876.03,0.063179001,5567.91,0.060158161,0.00302084,11,-0.04
1,1864.81,0.063484665,5538.97,0.060644583,0.002840083,12,-0.05
1,1846.29,0.06338443,5493.61,0.060607745,0.002776685,13,-0.05
1,1843.14,0.063418827,5500.72,0.060632807,0.002786021,14,-0.06
1,1842.95,0.0632478,5514.57,0.06045609,0.002791711,15,-0.06
3,1847.13,0.063368767,5521.71,0.060571633,0.002797133,18,-0.07
1,1851.04,0.063549285,5528.33,0.060741948,0.002807337,19,-0.08
1,1857.94,0.06359217,5535.57,0.060831044,0.002761126,20,-0.08
1,1860.61,0.063710296,5518.45,0.060940775,0.002769521,21,-0.08
1,1856.65,0.063590323,5509.73,0.060895001,0.002695322,22,-0.09
3,1816.91,0.063055192,5390.95,0.060284124,0.002771069,25,-0.10
1,1813.08,0.063264202,5367.62,0.060545891,0.002718311,26,-0.10
1,1822.42,0.063226525,5375.63,0.060542679,0.002683846,27,-0.11
1,1819.22,0.063709873,5374.92,0.061148082,0.002561791,28,-0.11
1,1832.48,0.063549199,5408.45,0.061196799,0.0023524,29,-0.12
3,1819.66,0.063607576,5382.5,0.061336326,0.00227125,32,-0.13
1,1809.39,0.063747456,5364.05,0.061510011,0.002237445,33,-0.13
1,1783.9,0.063549588,5278.43,0.061291681,0.002257908,34,-0.13
1,1795.74,0.06355615,5292,0.061421675,0.002134475,35,-0.14
1,1784.93,0.063348094,5268.26,0.061252707,0.002095388,36,-0.14
3,1773,0.063446729,5241.46,0.061513046,0.001933683,39,-0.15
1,1767.9,0.063630254,5207.63,0.061621026,0.002009229,40,-0.16
1,1779.68,0.063563219,5248.91,0.061544424,0.002018795,41,-0.16
1,1770.44,0.063535725,5222.12,0.061532701,0.002003024,42,-0.17
1,1796.03,0.063043055,5312.69,0.060888151,0.002154904,43,-0.17
3,1800.87,0.06305211,5336.19,0.060861564,0.002190547,46,-0.18
1,1790.96,0.063184813,5316.51,0.061012948,0.002171866,47,-0.19
1,1779.74,0.063124965,5281.37,0.060950058,0.002174907,48,-0.19
1,1816.57,0.062476113,5378.98,0.060412162,0.002063951,49,-0.19
1,1821.38,0.062373647,5385.46,0.060485126,0.001888521,50,-0.20
3,1806.62,0.062280195,5358.59,0.060490895,0.0017893,53,-0.21
1,1837.23,0.062013083,5438.23,0.060316699,0.001696384,54,-0.21
1,1844.62,0.062334642,5448.11,0.060582759,0.001751882,55,-0.22
1,1830.45,0.062259004,5374.26,0.06034121,0.001917794,56,-0.22
1,1819.08,0.06202268,5341.35,0.060111301,0.00191138,57,-0.23
3,1793.14,0.061710508,5262.57,0.059768803,0.001941705,60,-0.24
1,1824.74,0.061552783,5327.44,0.059980014,0.001572769,61,-0.24
1,1821.68,0.061560509,5313.16,0.059968604,0.001591905,62,-0.25
1,1858.31,0.060952129,5417.59,0.05937472,0.00157741,63,-0.25
1,1855.58,0.060780783,5395.75,0.059182794,0.001597988,64,-0.25
3,1878.05,0.060680783,5483.52,0.058909437,0.001771347,67,-0.27
1,1904.02,0.060554282,5548.84,0.058854947,0.001699335,68,-0.27
1,1908.26,0.060564756,5538.86,0.058857975,0.001706781,69,-0.27
1,1920.27,0.060508267,5586.41,0.05873645,0.001771817,70,-0.28
1,1920.27,0.060339656,5586.41,0.058571162,0.001768494,71,-0.28
3,1929.04,0.0603108,5580.98,0.058576526,0.001734274,74,-0.29
1,1922.4,0.060462831,5569.36,0.058744256,0.001718576,75,-0.30
1,1913.69,0.060439316,5557.67,0.058741813,0.001697503,76,-0.30
1,1921.38,0.060418773,5576.06,0.058736531,0.001682242,77,-0.31
1,1920.18,0.060260448,5591.69,0.058568693,0.001691756,78,-0.31
3,1925.75,0.060266657,5580.38,0.058603354,0.001663303,81,-0.32
1,1925.75,0.060487589,5580.38,0.058773753,0.001713837,82,-0.33
1,1925.75,0.060487589,5580.38,0.058773753,0.001713837,83,-0.33
1,1920.65,0.060500521,5563.09,0.058834255,0.001666266,84,-0.33
1,1908.79,0.060323132,5528.67,0.058652561,0.001670571,85,-0.34
3,1898.24,0.060381693,5508.73,0.058722036,0.001659657,88,-0.35
1,1892.59,0.060604185,5502.7,0.058940305,0.00166388,89,-0.35
1,1879.58,0.060527309,5485.72,0.05892621,0.001601098,90,-0.36
1,1861.29,0.060373048,5449.88,0.058892168,0.00148088,91,-0.36
1,1853.6,0.060176682,5436.42,0.058740929,0.001435753,92,-0.37
3,1869,0.060076175,5471.78,0.058678784,0.001397391,95,-0.38
1,1876.49,0.060227578,5476.2,0.058885094,0.001342484,96,-0.38
1,1870.04,0.060311342,5463.8,0.0589727,0.001338642,97,-0.38
1,1872.02,0.060310867,5468.91,0.0589715,0.001339367,98,-0.39
1,1847.97,0.059890089,5423.47,0.058691352,0.001198737,99,-0.39
3,1836.63,0.059880879,5405.53,0.058731027,0.001149852,102,-0.40
1,1808.98,0.059719808,5350.53,0.058775779,0.000944029,103,-0.41
1,1789.54,0.059582967,5296.54,0.05872078,0.000862187,104,-0.41
1,1797.92,0.059549561,5301.24,0.058721066,0.000828495,105,-0.42
1,1798.22,0.059389111,5307.38,0.058573066,0.000816045,106,-0.42
3,1786.75,0.060153193,5260.64,0.059548635,0.000604558,109,-0.43
1,1798.17,0.060319398,5269.92,0.059719066,0.000600332,110,-0.44
1,1836.83,0.059672694,5378.85,0.05904353,0.000629165,111,-0.44
1,1837.66,0.05967236,5382.66,0.059042699,0.000629661,112,-0.44
1,1856.14,0.059339607,5425.9,0.058769779,0.000569828,113,-0.45
3,1846.25,0.059311191,5412.83,0.058844953,0.000466238,116,-0.46
1,1842.86,0.059491717,5405.32,0.059022344,0.000469373,117,-0.46
1,1825.63,0.059522295,5349.78,0.059001971,0.000520324,118,-0.47
1,1812.36,0.059521622,5306.38,0.058945711,0.00057591,119,-0.47
1,1802.41,0.05952373,5270.25,0.059027022,0.000496708,120,-0.48
3,1800.88,0.059826322,5265.96,0.059345356,0.000480966,123,-0.49
1,1785.86,0.05988248,5231.22,0.059451265,0.000431215,124,-0.49
1,1798.45,0.059832277,5267.92,0.059423346,0.000408931,125,-0.50
1,1813.89,0.059821207,5288.81,0.059611473,0.000209734,126,-0.50
1,1823.44,0.059607003,5297.52,0.059452522,0.000154481,127,-0.50
3,1830.66,0.059609987,5286.57,0.059513715,9.63E-05,130,-0.52
1,1827.6,0.05977593,5265.19,0.059660933,0.000114997,131,-0.52
1,1811.53,0.059775443,5240.53,0.059692991,8.25E-05,132,-0.52
1,1806.03,0.059764908,5225.35,0.059679509,8.54E-05,133,-0.53
1,1819.46,0.05954253,5238.72,0.059524319,1.82E-05,134,-0.53
3,1819.39,0.059730037,5231.85,0.059784312,-5.43E-05,137,-0.54
1,1807.51,0.059870381,5215.85,0.059957451,-8.71E-05,138,-0.55
1,1799.61,0.059866911,5196.11,0.05993453,-6.76E-05,139,-0.55
1,1801.81,0.059924293,5195.95,0.059992289,-6.80E-05,140,-0.56
1,1784.26,0.060344918,5160.52,0.060695002,-0.000350084,141,-0.56
3,1786.59,0.060514367,5168.54,0.060882989,-0.000368622,144,-0.57
1,1779.21,0.060679156,5153.19,0.061072497,-0.000393342,145,-0.58
1,1752.81,0.060319975,5062.52,0.06056549,-0.000245515,146,-0.58
1,1758.13,0.06031893,5074.27,0.060597908,-0.000278979,147,-0.58
1,1743.94,0.060043049,5056.35,0.060410108,-0.00036706,148,-0.59
3,1732.5,0.059979381,5014.47,0.060301442,-0.000322061,151,-0.60
1,1712.76,0.059955763,4961.64,0.060299481,-0.000343719,152,-0.60
1,1734.38,0.059751521,4985.56,0.060328144,-0.000576623,153,-0.61
1,1775.86,0.058855146,5079.05,0.059803691,-0.000948544,154,-0.61
1,1773.05,0.058772405,5083.34,0.059839331,-0.001066927,155,-0.62
3,1742.77,0.058391875,5000.19,0.059594164,-0.001202288,158,-0.63
1,1750.82,0.058784772,5019.26,0.059933964,-0.001149193,159,-0.63
1,1743.14,0.058798309,4992.72,0.059947125,-0.001148816,160,-0.63
1,1747.47,0.058949363,4974.76,0.060157068,-0.001207705,161,-0.64
1,1733.06,0.058913808,4928.18,0.060168628,-0.00125482,162,-0.64
3,1728.27,0.059587203,4888.58,0.060709638,-0.001122435,165,-0.65
1,1742.78,0.060121451,4925.82,0.06131225,-0.001190799,166,-0.66
1,1719.88,0.060616291,4871.96,0.062014977,-0.001398686,167,-0.66
1,1704.81,0.060821879,4840.38,0.062296188,-0.001474309,168,-0.67
1,1711.13,0.061033556,4847.53,0.062544518,-0.001510961,169,-0.67
3,1717.58,0.061020586,4867.78,0.062556485,-0.0015359,172,-0.68
1,1723.31,0.061179567,4875.93,0.062733038,-0.001553471,173,-0.69
1,1689.19,0.060600542,4794.37,0.062406299,-0.001805757,174,-0.69
1,1692.56,0.060602587,4810.74,0.062391014,-0.001788427,175,-0.69
1,1676.27,0.060353409,4786.17,0.062292067,-0.001938657,176,-0.70
3,1672.28,0.060375195,4762.75,0.062264567,-0.001889372,179,-0.71
1,1679.86,0.060689867,4781.34,0.062500242,-0.001810375,180,-0.71
1,1688.96,0.060644052,4805.66,0.06246224,-0.001818188,181,-0.72
1,1689.31,0.060650725,4813.58,0.062470249,-0.001819524,182,-0.72
1,1670.22,0.060321494,4773.27,0.062234661,-0.001913167,183,-0.73
3,1644.74,0.059946183,4719.17,0.062031222,-0.002085039,186,-0.74
1,1639.96,0.060108751,4737.12,0.062204945,-0.002096194,187,-0.74
1,1594.69,0.058850398,4611.49,0.061058777,-0.002208379,188,-0.75
1,1623.6,0.058314166,4689.39,0.06061027,-0.002296105,189,-0.75
1,1642.81,0.057932276,4730.69,0.06035819,-0.002425913,190,-0.75
3,1642.81,0.05794644,4730.69,0.06037207,-0.002425631,193,-0.77
1,1623.1,0.05792737,4678.74,0.06036572,-0.002438351,194,-0.77
1,1593,0.057391862,4598.61,0.059951878,-0.002560015,195,-0.77
1,1607.12,0.057273727,4626.39,0.059907763,-0.002634036,196,-0.78
1,1607.12,0.057269407,4626.39,0.059917082,-0.002647675,197,-0.78
3,1627.83,0.057225142,4694.38,0.059953542,-0.0027284,200,-0.79
1,1627.83,0.057493833,4694.38,0.060228683,-0.00273485,201,-0.80
1,1628.65,0.057502375,4692.46,0.0602616,-0.002759225,202,-0.80
1,1661.8,0.056807224,4777.45,0.059736103,-0.002928879,203,-0.81
1,1651.5,0.056598821,4754.08,0.059569384,-0.002970562,204,-0.81
3,1664.51,0.05651398,4799.87,0.05946853,-0.00295455,207,-0.82
1,1688.4,0.056323002,4853.7,0.05943377,-0.003110768,208,-0.83
1,1704.66,0.056163178,4896.92,0.059304232,-0.003141054,209,-0.83
1,1710.27,0.056144366,4909.45,0.059293455,-0.003149089,210,-0.83
1,1674.79,0.055226255,4806.2,0.058403536,-0.003177281,211,-0.84
3,1651.68,0.054926998,4742.38,0.058169051,-0.003242053,214,-0.85
1,1683.28,0.05448099,4813.13,0.05801824,-0.00353725,215,-0.85
1,1669.73,0.054378177,4780.46,0.058022027,-0.00364385,216,-0.86
1,1731.72,0.052204617,4944.37,0.056377409,-0.004172792,217,-0.86
1,1754.91,0.051735054,5012.66,0.05589504,-0.004159986,218,-0.87
3,1777.79,0.051513477,5053.98,0.055885454,-0.004371977,221,-0.88
1,1764.75,0.051595138,5003.92,0.055916682,-0.004321544,222,-0.88
1,1771.46,0.051747211,5006.25,0.056013726,-0.004266515,223,-0.88
1,1762.12,0.05169764,4983.24,0.055985671,-0.004288031,224,-0.89
1,1764.88,0.05155927,4983.15,0.055841201,-0.004281931,225,-0.89
3,1767.37,0.051561229,4994.98,0.05583685,-0.004275621,228,-0.90
1,1748.27,0.051484008,4946.95,0.05583195,-0.004347942,229,-0.91
1,1742.07,0.051465595,4938.14,0.055837835,-0.00437224,230,-0.91
1,1758.47,0.051568854,4975.5,0.056058425,-0.004489571,231,-0.92
1,1737.93,0.051326888,4924.89,0.055908298,-0.00458141,232,-0.92
3,1763.72,0.050915223,4985.45,0.055686181,-0.004770958,235,-0.93
1,1780.89,0.050880792,5025.2,0.055736989,-0.004856197,236,-0.94
1,1783.72,0.050938774,5033.62,0.055788163,-0.004849389,237,-0.94
1,1801.71,0.050790308,5068.85,0.055758823,-0.004968515,238,-0.94
1,1812.44,0.050579256,5101.85,0.055534552,-0.004955296,239,-0.95
3,1798.97,0.05052378,5059.09,0.055454013,-0.004930233,242,-0.96
1,1819.36,0.05043541,5106.75,0.05546742,-0.00503201,243,-0.96
1,1825.68,0.050425197,5131.45,0.055467007,-0.00504181,244,-0.97
1,1827.15,0.050443178,5137.94,0.055492307,-0.005049129,245,-0.97
1,1804.48,0.050038575,5075.19,0.055087618,-0.005049043,246,-0.98
3,1808.61,0.050173096,5101.39,0.055117878,-0.004944781,249,-0.99
1,1818.64,0.050292537,5102.13,0.055287103,-0.004994566,250,-0.99
1,1806.98,0.050220848,5085.78,0.055311165,-0.005090317,251,-1.00
1,1801.88,0.050410762,5093.44,0.055401141,-0.004990379,252,-1.00
1,1774.39,0.049864342,4978.53,0.054364526,-0.004500184,253,-1.00
3,1777.97,0.050115863,4989.35,0.054600875,-0.004485011,256,-1.02
1,1763.11,0.050120697,4967.37,0.054725981,-0.004605284,257,-1.02
1,1786.57,0.049813379,5032.3,0.054465744,-0.004652365,258,-1.02
1,1759.4,0.049354315,4953.09,0.054018459,-0.004664144,259,-1.03
1,1767.46,0.049183772,4967.69,0.053853313,-0.004669541,260,-1.03
3,1804.89,0.048307145,5053.31,0.053323944,-0.005016798,263,-1.04
1,1818.75,0.048354387,5084.66,0.053412482,-0.005058094,264,-1.05
1,1838,0.048137645,5116.79,0.053345399,-0.005207754,265,-1.05
1,1843.87,0.04811945,5144.95,0.053290131,-0.005170681,266,-1.06
1,1852.03,0.047988035,5173.05,0.053176681,-0.005188646,267,-1.06
3,1820.76,0.047812822,5095.07,0.053159012,-0.00534619,270,-1.07
1,1826.23,0.04795601,5095.98,0.053334848,-0.005378838,271,-1.08
1,1824.46,0.047954512,5106.37,0.053331267,-0.005376755,272,-1.08
1,1851.5,0.047515631,5206.22,0.052652043,-0.005136412,273,-1.08
1,1898.26,0.046089755,5318.55,0.051652786,-0.005563031,274,-1.09
3,1892.35,0.04612676,5300.25,0.051646106,-0.005519347,277,-1.10
1,1912.19,0.046050154,5359.36,0.051592801,-0.005542647,278,-1.10
1,1929.25,0.045883207,5410.85,0.051419255,-0.005536047,279,-1.11
1,1954.65,0.045516896,5491.4,0.051010296,-0.0054934,280,-1.11
1,1947.16,0.045360985,5467.89,0.050836259,-0.005475274,281,-1.12
3,1957.08,0.045307987,5506.82,0.05074,-0.005432013,284,-1.13
1,1954.52,0.045435267,5493.49,0.050872749,-0.005437483,285,-1.13
1,1968.84,0.045321503,5540.41,0.050733746,-0.005412243,286,-1.13
1,1965.51,0.045317051,5512.73,0.050687698,-0.005370647,287,-1.14
1,1958.97,0.045200742,5479.1,0.050497102,-0.00529636,288,-1.14
3,1959.6,0.04520052,5476.17,0.050513604,-0.005313083,291,-1.15
1,1967.97,0.045289927,5494.17,0.050637271,-0.005347345,292,-1.16
1,1960.13,0.045279112,5451.59,0.050539579,-0.005260467,293,-1.16
1,1945.71,0.045197536,5393.74,0.050347746,-0.00515021,294,-1.17
1,1938.83,0.045081002,5363.79,0.050234441,-0.005153439,295,-1.17
3,1929.88,0.045078823,5348.87,0.050229074,-0.005150251,298,-1.18
1,1927.38,0.045225533,5352.57,0.050382801,-0.005157268,299,-1.19
1,1916.58,0.045162406,5328.12,0.050342258,-0.005179853,300,-1.19
1,1919.72,0.045160407,5332.13,0.050355167,-0.00519476,301,-1.19
1,1907.65,0.044957909,5283.79,0.050065435,-0.005107526,302,-1.20
3,1905.87,0.044958439,5269.63,0.05009767,-0.005139231,305,-1.21
1,1897.73,0.045056758,5252.22,0.05021972,-0.005162962,306,-1.21
1,1892.87,0.045044966,5243.84,0.050219443,-0.005174476,307,-1.22
1,1896.52,0.045068878,5260.22,0.05021746,-0.005148582,308,-1.22
1,1923.32,0.044524514,5342.7,0.049611995,-0.005087481,309,-1.23
3,1937.59,0.044411355,5413.8,0.049272223,-0.004860868,312,-1.24
1,1942.61,0.044524955,5406.85,0.049414099,-0.004889144,313,-1.24
1,1964.13,0.044303092,5478.06,0.049150985,-0.004847892,314,-1.25
1,1972.79,0.044566351,5501.33,0.0494151,-0.004848749,315,-1.25
1,1971.9,0.044439907,5484.99,0.049257933,-0.004818026,316,-1.25
3,1969.19,0.044460991,5479.1,0.049268863,-0.004807872,319,-1.27
1,1955.08,0.044484621,5432.5,0.049280807,-0.004796186,320,-1.27
1,1953.35,0.044488168,5419.33,0.04929229,-0.004804123,321,-1.27
1,1955.66,0.044524195,5420.61,0.049320421,-0.004796226,322,-1.28
1,1953.97,0.044475053,5408.6,0.049278823,-0.00480377,323,-1.28
3,1943.28,0.044464414,5379.65,0.049287643,-0.004823229,326,-1.29
1,1930.55,0.044603219,5344.93,0.049390854,-0.004787636,327,-1.30
1,1933.2,0.044901418,5349.02,0.049566704,-0.004665285,328,-1.30
1,1919.97,0.044852072,5305.22,0.049479164,-0.004627093,329,-1.31
1,1947.9,0.044278674,5403.41,0.048677346,-0.004398672,330,-1.31
3,1950.47,0.044282209,5412.32,0.04867231,-0.004390101,333,-1.32
1,1957.48,0.044400066,5414.68,0.048830718,-0.004430653,334,-1.33
1,1981.07,0.044214164,5502.25,0.048463967,-0.004249803,335,-1.33
1,1978.26,0.044265105,5501.9,0.048518672,-0.004253567,336,-1.33
1,1978.5,0.04425725,5521.31,0.048438144,-0.004180894,337,-1.34
3,1969.3,0.044258839,5477.18,0.048375518,-0.004116679,340,-1.35
1,1971.78,0.044508579,5478.98,0.048612651,-0.004104072,341,-1.35
1,1960.2,0.044453591,5460.98,0.048617249,-0.004163658,342,-1.36
1,1969.67,0.044709189,5498.37,0.048809732,-0.004100543,343,-1.36
1,1975.86,0.044833763,5511.3,0.048887923,-0.00405416,344,-1.37
3,1970.64,0.044882577,5491.22,0.04893159,-0.004049013,347,-1.38
1,1975.73,0.045271902,5511.76,0.049438999,-0.004167096,348,-1.38
1,1960.62,0.045154835,5480.55,0.049383955,-0.004229121,349,-1.38
1,1948.68,0.0450739,5426.41,0.049189724,-0.004115824,350,-1.39
1,1952.08,0.045192583,5434.19,0.049440388,-0.004247805,351,-1.39
3,1931.36,0.044980272,5378.25,0.049269939,-0.004289667,354,-1.40
1,1941.32,0.045084618,5398.32,0.049411827,-0.004327209,355,-1.41
1,1950.38,0.045122731,5417.07,0.049471869,-0.004349137,356,-1.41
1,1962.77,0.045139226,5447.44,0.049517123,-0.004377898,357,-1.42
1,1953.77,0.045236822,5422.54,0.049563877,-0.004327055,358,-1.42
3,1950.56,0.045233734,5409.43,0.049553129,-0.004319395,361,-1.43
1,1954.51,0.045476176,5429.2,0.049729694,-0.004253518,362,-1.44
1,1948.99,0.045500545,5405.9,0.049776122,-0.004275577,363,-1.44
1,1933.4,0.045392137,5353.93,0.049599908,-0.004207771,364,-1.44
1,1954.51,0.045402353,5434.36,0.049513988,-0.004111636,365,-1.45
3,1943.04,0.045345928,5398.11,0.049446488,-0.004100561,368,-1.46
1,1933.31,0.045544049,5375.77,0.049686689,-0.00414264,369,-1.46
1,1928.8,0.045713318,5366.32,0.049915724,-0.004202406,370,-1.47
1,1911.22,0.045533672,5320.5,0.049773258,-0.004239586,371,-1.47
1,1915.48,0.04539779,5316.77,0.049631493,-0.004233702,372,-1.48
3,1903.15,0.045333334,5276.76,0.049532157,-0.004198824,375,-1.49
1,1920.13,0.045770075,5323.53,0.050005944,-0.004235869,376,-1.49
1,1907.45,0.045699521,5275.64,0.04989222,-0.0041927,377,-1.50
1,1928.45,0.045469577,5327.2,0.049737407,-0.00426783,378,-1.50
1,1919.04,0.045292709,5281.29,0.049453404,-0.004160694,379,-1.50
3,1921.79,0.045364231,5283.86,0.04950947,-0.004145239,382,-1.52
1,1956.29,0.044814445,5387.38,0.048904365,-0.00408992,383,-1.52
1,1940.52,0.044684798,5316.01,0.048579669,-0.003894871,384,-1.52
1,1958.75,0.044806618,5372.31,0.048782006,-0.003975388,385,-1.53
1,1963.39,0.044702103,5390.63,0.048706704,-0.004004601,386,-1.53
3,1980.19,0.045331681,5450.48,0.049177459,-0.003845777,389,-1.54
1,1993.96,0.045364659,5501.88,0.049144174,-0.003779515,390,-1.55
1,2002.45,0.04551234,5528.46,0.049196684,-0.003684344,391,-1.55
1,1981.63,0.045310278,5452.73,0.048879872,-0.003569594,392,-1.56
1,1975.19,0.045169066,5453.37,0.048759506,-0.00359044,393,-1.56
3,1976.64,0.045168196,5473.91,0.048735511,-0.003567315,396,-1.57
1,1970.64,0.045282685,5450.22,0.048863064,-0.003580379,397,-1.58
1,1973.87,0.045323899,5448.36,0.048883584,-0.003559685,398,-1.58
1,1981.03,0.045394849,5457.56,0.049038611,-0.003643762,399,-1.58
1,1982.6,0.045402186,5460.95,0.049055096,-0.00365291,400,-1.59
3,1984.45,0.045462946,5472.91,0.049096164,-0.003633217,403,-1.60
1,1980.94,0.045585673,5465.53,0.049256343,-0.00367067,404,-1.60
1,1966.36,0.04552818,5398.4,0.048984393,-0.003456213,405,-1.61
1,1971.32,0.045859261,5427.35,0.049178263,-0.003319002,406,-1.61
1,1970.94,0.045788721,5438.06,0.049120843,-0.003332122,407,-1.62
3,2000.42,0.045318975,5508.93,0.048787734,-0.003468758,410,-1.63
1,2007.16,0.045425619,5542.55,0.048853026,-0.003427408,411,-1.63
1,2005.84,0.045553208,5548.45,0.048957743,-0.003404535,412,-1.63
1,2011.45,0.0455941,5565.85,0.049027012,-0.003432912,413,-1.64
1,2031.18,0.045294101,5640.1,0.048580684,-0.003286583,414,-1.64
3,2025.56,0.045437909,5637.51,0.048667693,-0.003229784,417,-1.65
1,2017.6,0.045562966,5614.51,0.048807845,-0.00324488,418,-1.66
1,2021,0.045562664,5621.92,0.04885421,-0.003291547,419,-1.66
1,2002.73,0.045388512,5567.54,0.048665832,-0.00327732,420,-1.67
1,1999.07,0.045257786,5553.16,0.048514769,-0.003256984,421,-1.67
3,2005.84,0.045233256,5540.68,0.048505845,-0.003272589,424,-1.68
1,2010.06,0.04535275,5541.94,0.048646622,-0.003293872,425,-1.69
1,2007.53,0.045407128,5545.95,0.048690708,-0.00328358,426,-1.69
1,2004.13,0.045401608,5534.63,0.048682481,-0.003280873,427,-1.69
1,2003.47,0.045459579,5521.93,0.048619672,-0.003160093,428,-1.70
3,1998.53,0.045524749,5531.42,0.048670161,-0.003145412,431,-1.71
1,1994.85,0.046273942,5516.05,0.049332514,-0.003058572,432,-1.71
1,1989.15,0.046265659,5501.66,0.049327627,-0.003061968,433,-1.72
1,1996.12,0.046263063,5529.22,0.049287801,-0.003024738,434,-1.72
1,1985.06,0.046108107,5520.5,0.049176361,-0.003068254,435,-1.73
3,1985.06,0.046208693,5520.5,0.049196119,-0.002987426,438,-1.74
1,1977.38,0.046310599,5483.19,0.049244793,-0.002934194,439,-1.74
1,1965.8,0.046242836,5453.58,0.049202023,-0.002959186,440,-1.75
1,1949.77,0.046177376,5413.3,0.049258996,-0.003081621,441,-1.75
1,1962.23,0.046233086,5444.16,0.049299491,-0.003066405,442,-1.75
3,1962.26,0.046673783,5438.55,0.049649649,-0.002975867,445,-1.77
1,1961.14,0.046809056,5412.83,0.04974701,-0.002937954,446,-1.77
1,1958.89,0.046953718,5391.64,0.049812153,-0.002858435,447,-1.77
1,1953.96,0.046940483,5380.17,0.049803243,-0.00286276,448,-1.78
1,1949.92,0.046800275,5353.54,0.049615442,-0.002815167,449,-1.78
3,1934.45,0.046690303,5312.96,0.049520227,-0.002829925,452,-1.79
1,1936.21,0.046830207,5315.02,0.049667474,-0.002837267,453,-1.80
1,1929.27,0.046805406,5309.22,0.049670903,-0.002865497,454,-1.80
1,1918.35,0.049547319,5277.94,0.052754407,-0.003207088,455,-1.81
1,1928.45,0.049362814,5307.56,0.052572436,-0.003209622,456,-1.81
3,1917.35,0.04960453,5263.39,0.052843304,-0.003238775,459,-1.82
1,1915.01,0.049795408,5258.24,0.053004882,-0.003209473,460,-1.83
1,1919.26,0.050275064,5276.67,0.053457217,-0.003182153,461,-1.83
1,1876.39,0.049271788,5141.8,0.05221561,-0.002943822,462,-1.83
1,1887.97,0.049057383,5152.12,0.052060386,-0.003003002,463,-1.84
3,1902.15,0.049007947,5167.3,0.052109256,-0.003101308,466,-1.85
1,1902.15,0.049146997,5167.3,0.052257124,-0.003110127,467,-1.85
1,1902.15,0.049171563,5167.3,0.05225937,-0.003087807,468,-1.86
1,1895.79,0.04917877,5130.44,0.052218683,-0.003039913,469,-1.86
1,1889.56,0.049038396,5115.74,0.052069188,-0.003030792,470,-1.87
3,1870.13,0.048875766,5066.28,0.051955426,-0.00307966,473,-1.88
1,1883.77,0.048909548,5095.22,0.05204808,-0.003138532,474,-1.88
1,1905.74,0.048640135,5167.21,0.051693577,-0.003053442,475,-1.88
1,1931.93,0.04833859,5239.74,0.051422398,-0.003083808,476,-1.89
1,1933.41,0.048325932,5252.43,0.051344421,-0.003018489,477,-1.89
3,1925.08,0.048389603,5222.84,0.051315098,-0.002925495,480,-1.90
1,1940.82,0.048416331,5282.75,0.051251664,-0.002835333,481,-1.91
1,1941.02,0.04849947,5267.26,0.051297598,-0.002798128,482,-1.91
1,1932.93,0.048470864,5233.36,0.051218921,-0.002748057,483,-1.92
1,1934.73,0.048333402,5242.79,0.05107846,-0.002745058,484,-1.92
3,1951.86,0.048262146,5276.71,0.051109,-0.002846854,487,-1.93
1,1948.59,0.048459251,5274.4,0.05125819,-0.002798939,488,-1.94
1,1939.42,0.048449361,5254.1,0.051237005,-0.002787645,489,-1.94
1,1918.74,0.048223462,5187.83,0.050950594,-0.002727132,490,-1.94
1,1909.15,0.048049129,5170.23,0.050803451,-0.002754322,491,-1.95
3,1901.28,0.048090315,5167.23,0.050862421,-0.002772105,494,-1.96
1,1889.81,0.04815713,5136.58,0.050948514,-0.002791385,495,-1.96
1,1930.78,0.047233695,5262.56,0.049858825,-0.00262513,496,-1.97
1,1950.85,0.047034369,5320.49,0.04962615,-0.002591781,497,-1.97
1,1957.86,0.046874618,5343.93,0.049458786,-0.002584168,498,-1.98
3,1960.19,0.046885223,5344.26,0.049493976,-0.002608754,501,-1.99
1,1954.47,0.047000454,5317.37,0.049586606,-0.002586152,502,-1.99
1,1956.07,0.047021925,5309.23,0.04960564,-0.002583715,503,-2.00
1,1960.01,0.047045397,5302.17,0.049643929,-0.002598532,504,-2.00
1,1953.12,0.046942177,5289.86,0.049570641,-0.002628463,505,-2.00
3,1942.03,0.046876835,5256.18,0.049491199,-0.002614364,508,-2.02
1,1949.66,0.047491237,5281.58,0.0504345,-0.002943263,509,-2.02
1,1935.51,0.04739045,5222.52,0.050203414,-0.002812964,510,-2.02
1,1919.66,0.047260317,5165.26,0.049965945,-0.002705628,511,-2.03
1,1895.72,0.046999936,5109.24,0.04976708,-0.002767143,512,-2.03
3,1905.68,0.046950989,5140.06,0.049698035,-0.002747046,515,-2.04
1,1887,0.046883892,5079.21,0.049563959,-0.002680067,516,-2.05
1,1910.09,0.046598362,5151.68,0.049213357,-0.002614995,517,-2.05
1,1949.53,0.045716899,5255.9,0.048409742,-0.002692842,518,-2.06
1,1916.41,0.045038128,5161.81,0.047697538,-0.00265941,519,-2.06
3,1958.87,0.044006115,5285.83,0.046589261,-0.002583146,522,-2.07
1,1987.12,0.043711839,5364.98,0.046330367,-0.002618528,523,-2.08
1,2019.02,0.043151598,5454.55,0.045752866,-0.002601268,524,-2.08
1,2023.98,0.043406155,5481.93,0.04602326,-0.002617106,525,-2.08
1,2020.94,0.043290521,5473.78,0.045888767,-0.002598246,526,-2.09
3,2033.7,0.043320679,5521.59,0.046055947,-0.002735269,529,-2.10
1,2038.36,0.043458087,5529.15,0.046196391,-0.002738304,530,-2.10
1,2024.69,0.04336445,5481.21,0.046087606,-0.002723156,531,-2.11
1,2033.58,0.043604613,5495.16,0.046279867,-0.002675254,532,-2.11
1,2054.95,0.043283475,5535.26,0.046125799,-0.002842324,533,-2.12
3,2056.77,0.043313146,5541.99,0.046122692,-0.002809546,536,-2.13
1,2052.57,0.043597957,5526.51,0.046430531,-0.002832574,537,-2.13
1,2041.12,0.043654423,5494.83,0.046479332,-0.00282491,538,-2.13
1,2036.85,0.044046626,5493.99,0.046756879,-0.002710252,539,-2.14
1,2040.86,0.043929176,5513.82,0.046663335,-0.00273416,540,-2.14
3,2032.05,0.043887813,5509.69,0.046671718,-0.002783905,543,-2.15
1,2034.76,0.044143488,5517.06,0.047001378,-0.002857891,544,-2.16
1,2028.68,0.044158488,5488.55,0.04695211,-0.002793622,545,-2.16
1,2034.58,0.044178424,5504.68,0.047010422,-0.002831998,546,-2.17
1,2046.98,0.04397929,5523.94,0.046860139,-0.002880849,547,-2.17
3,2034.93,0.043912345,5487.42,0.046781995,-0.00286965,550,-2.18
1,2028.95,0.044024706,5470.75,0.046898899,-0.002874193,551,-2.19
1,2009.51,0.043829241,5413.69,0.046713641,-0.0028844,552,-2.19
1,1986.05,0.04364174,5331.28,0.046361033,-0.002719292,553,-2.19
1,1970.42,0.043654142,5288.6,0.046394654,-0.002740512,554,-2.20
3,1974.95,0.043737007,5312.56,0.046405784,-0.002668777,557,-2.21
1,1974.95,0.043863934,5312.56,0.046537452,-0.002673518,558,-2.21
1,1981.48,0.043840086,5339.42,0.046483979,-0.002643893,559,-2.22
1,1988.43,0.043826859,5368.84,0.046463921,-0.002637061,560,-2.22
1,1987.44,0.043705988,5364.72,0.04633863,-0.002632642,561,-2.23
3,1987.44,0.043706368,5364.72,0.046338765,-0.002632396,564,-2.24
1,1987.44,0.043839172,5364.72,0.046470223,-0.002631051,565,-2.24
1,1992.13,0.043847323,5385.97,0.046462605,-0.002615282,566,-2.25
1,1982.46,0.043882165,5352.77,0.046417797,-0.002535632,567,-2.25
1,1991.83,0.043720567,5382.91,0.046270993,-0.002550425,568,-2.25
3,1997.52,0.043706617,5420.58,0.046176787,-0.00247017,571,-2.27
1,1973.6,0.043510246,5349.3,0.04593603,-0.002425783,572,-2.27
1,1978.14,0.043504282,5357.14,0.045938175,-0.002433893,573,-2.27
1,1992.21,0.043391143,5399.45,0.045806156,-0.002415012,574,-2.28
1,2001.18,0.043243083,5427.19,0.045622927,-0.002379844,575,-2.28
3,1981.8,0.043044091,5386.83,0.045504,-0.002459909,578,-2.29
1,1984.42,0.043162393,5399.09,0.045645627,-0.002483234,579,-2.30
1,1979.32,0.043207315,5383.86,0.045695904,-0.00248859,580,-2.30
1,1975.88,0.043201513,5374.35,0.04569934,-0.002497827,581,-2.31
1,1976.82,0.04309398,5375.53,0.045588026,-0.002494046,582,-2.31
3,1980.21,0.043167986,5389.29,0.045805623,-0.002637637,585,-2.32
1,1956.74,0.042998469,5316.89,0.045656538,-0.002658069,586,-2.33
1,1975.11,0.042890671,5372.79,0.045596137,-0.002705466,587,-2.33
1,1976.77,0.042893455,5398.05,0.045549929,-0.002656474,588,-2.33
1,1975.13,0.04281936,5390.48,0.045494413,-0.002675052,589,-2.34
3,1963.87,0.042962347,5360.09,0.045585787,-0.00262344,592,-2.35
1,1973.42,0.043413937,5390.46,0.046033631,-0.002619694,593,-2.35
1,1972.51,0.043708611,5379.54,0.046356845,-0.002648234,594,-2.36
1,1962.32,0.043924037,5352.76,0.046514952,-0.002590915,595,-2.36
1,1967.64,0.043935821,5366.15,0.046472831,-0.00253701,596,-2.37
3,1962.53,0.043985922,5340.45,0.046456094,-0.002470172,599,-2.38
1,1956.36,0.044141304,5319.17,0.046627215,-0.002485911,600,-2.38
1,1965.31,0.044198006,5336.39,0.046777485,-0.002579479,601,-2.38
1,1948.42,0.044167965,5301.25,0.046848228,-0.002680263,602,-2.39
1,1956.89,0.044002076,5315.58,0.046706512,-0.002704436,603,-2.39
3,1961.07,0.044012799,5341.63,0.046674758,-0.002661959,606,-2.40
1,1981.33,0.043957604,5380.72,0.046733143,-0.002775538,607,-2.41
1,1991.95,0.043986721,5407.75,0.046716371,-0.00272965,608,-2.41
1,2015.08,0.043722273,5471.43,0.046494116,-0.002771843,609,-2.42
1,2015.17,0.043602392,5480.64,0.04641307,-0.002810678,610,-2.42
3,2023.69,0.043635433,5507.25,0.04643683,-0.002801398,613,-2.43
1,2026.72,0.043821767,5517.97,0.046689349,-0.002867582,614,-2.44
1,2022.08,0.043917013,5510.5,0.046765664,-0.002848652,615,-2.44
1,2022.1,0.043920461,5514.29,0.046803089,-0.002882628,616,-2.44
1,2014.52,0.043833546,5503.29,0.04684013,-0.003006584,617,-2.45
3,2010.5,0.043910943,5493.63,0.04684956,-0.002938617,620,-2.46
1,2012.72,0.044317539,5494.13,0.047434318,-0.003116779,621,-2.46
1,2003.34,0.044280082,5455.4,0.047356407,-0.003076325,622,-2.47
1,1974.95,0.044492992,5374.89,0.047640922,-0.00314793,623,-2.47
1,1982,0.04456179,5394.8,0.047602251,-0.00304046,624,-2.48
3,1982.9,0.044562193,5386.81,0.047598698,-0.003036506,627,-2.49
1,1979.86,0.045079531,5372.38,0.048039241,-0.002959711,628,-2.49
1,1977.22,0.045302798,5368.29,0.048191362,-0.002888564,629,-2.50
1,1987.57,0.045318399,5383.81,0.048327307,-0.003008908,630,-2.50
1,1981.01,0.045186989,5361.37,0.04817743,-0.002990441,631,-2.50
3,1982.37,0.04518601,5362.88,0.048177372,-0.002991362,634,-2.52
1,1982.18,0.045314341,5351.74,0.04830913,-0.002994789,635,-2.52
1,1985.04,0.045353147,5360.81,0.048316826,-0.00296368,636,-2.52
1,1982.93,0.045393736,5362.41,0.048343371,-0.002949635,637,-2.53
1,1985.04,0.045263157,5363.65,0.048208115,-0.002944957,638,-2.53
3,1986.49,0.045262011,5365.83,0.048246401,-0.002984389,641,-2.54
1,1984.71,0.045434279,5359.9,0.04839367,-0.002959391,642,-2.55
1,1992.82,0.045777603,5379.21,0.048713453,-0.00293585,643,-2.55
1,1992.77,0.045814317,5363.23,0.048738885,-0.002924568,644,-2.56
1,1993.64,0.046051409,5367.41,0.049037281,-0.002985872,645,-2.56
3,1987.06,0.046202542,5350.44,0.049241111,-0.003038569,648,-2.57
1,1978.93,0.046334086,5329.81,0.049389075,-0.003054989,649,-2.58
1,1970.6,0.046374768,5293.77,0.04936202,-0.002987253,650,-2.58
1,1961.72,0.046516742,5281.96,0.049573768,-0.003057026,651,-2.58
1,1955.41,0.046556599,5268.76,0.049511135,-0.002954536,652,-2.59
3,1952.37,0.046577004,5267.13,0.049520425,-0.002943421,655,-2.60
1,1954.96,0.04675118,5281.29,0.049663533,-0.002912353,656,-2.60
1,1950.5,0.046871461,5267.29,0.049890158,-0.003018698,657,-2.61
1,1948.44,0.046876969,5241.66,0.049846253,-0.002969284,658,-2.61
1,1952.74,0.046751956,5237.44,0.04970591,-0.002953954,659,-2.62
3,1950.65,0.046749615,5229.32,0.04971409,-0.002964475,662,-2.63
1,1943.18,0.047037654,5213.91,0.04995274,-0.002915086,663,-2.63
1,1947.64,0.047056555,5225.2,0.04995207,-0.002895516,664,-2.63
1,1944.31,0.047619836,5217.59,0.050590859,-0.002971022,665,-2.64
1,1946.31,0.047517794,5209.01,0.050485046,-0.002967252,666,-2.64
3,1937.48,0.048154821,5176.71,0.051376989,-0.003222168,669,-2.65
1,1914.78,0.048063587,5113.49,0.051278476,-0.003214889,670,-2.66
1,1915.13,0.04806865,5114.62,0.051281475,-0.003212825,671,-2.66
1,1908.64,0.048390049,5101.41,0.051649459,-0.00325941,672,-2.67
1,1904.35,0.048342673,5086.56,0.05165282,-0.003310147,673,-2.67
3,1907.3,0.048361451,5103.97,0.051631685,-0.003270235,676,-2.68
1,1915.36,0.048502222,5123.26,0.051779484,-0.003277263,677,-2.69
1,1903.93,0.048557649,5085.59,0.051944936,-0.003387287,678,-2.69
1,1894.39,0.048806035,5056.34,0.052133448,-0.003327413,679,-2.69
1,1881.18,0.048764034,5031.92,0.052178507,-0.003414473,680,-2.70
3,1903.43,0.048503567,5079.75,0.052032934,-0.003529367,683,-2.71
1,1912.88,0.048683412,5104.33,0.052206536,-0.003523124,684,-2.71
1,1916.88,0.048698312,5113.13,0.052212241,-0.003513929,685,-2.72
1,1920.39,0.048693405,5115.39,0.052211983,-0.003518578,686,-2.72
1,1926.27,0.049198507,5131.86,0.053010026,-0.003811519,687,-2.73
3,1911.49,0.049097493,5087.59,0.05287226,-0.003774766,690,-2.74
1,1921.08,0.049203026,5114.15,0.053006853,-0.003803827,691,-2.74
1,1935.16,0.049205244,5146.85,0.05303528,-0.003830036,692,-2.75
1,1944.35,0.049200707,5176.61,0.053003086,-0.003802379,693,-2.75
1,1929.6,0.049041386,5140.25,0.052878609,-0.003837222,694,-2.75
3,1923.6,0.049131646,5121.67,0.052932865,-0.00380122,697,-2.77
1,1901,0.048997956,5060.92,0.052838475,-0.003840519,698,-2.77
1,1922.39,0.048897107,5115.23,0.052722074,-0.003824967,699,-2.77
1,1932.86,0.0488381,5145.7,0.052667333,-0.003829233,700,-2.78
1,1954.81,0.048543555,5218.89,0.052274909,-0.003731354,701,-2.78
3,1950.51,0.048642358,5207.89,0.052302281,-0.003659923,704,-2.79
1,1950.45,0.04900429,5203.44,0.052622128,-0.003617839,705,-2.80
1,1929.46,0.048959239,5130.49,0.052380673,-0.003421434,706,-2.80
1,1921.88,0.048930046,5107.25,0.052342653,-0.003412607,707,-2.81
1,1929.52,0.048760461,5127.03,0.052168022,-0.003407561,708,-2.81
3,1917.47,0.048863591,5093.77,0.052339674,-0.003476083,711,-2.82
1,1930.76,0.048909355,5131.39,0.052411328,-0.003501972,712,-2.83
1,1952.52,0.048856996,5186.95,0.052456707,-0.003599711,713,-2.83
1,1954.72,0.048862082,5190.17,0.052458298,-0.003596215,714,-2.83
1,1940.01,0.049023366,5161.08,0.052658993,-0.003635627,715,-2.84
3,1931.5,0.049096367,5127.7,0.052640501,-0.003544134,718,-2.85
1,1938.78,0.049217262,5117.66,0.052787448,-0.003570186,719,-2.85
1,1965.15,0.04953308,5199.22,0.05296389,-0.003430809,720,-2.86
1,1970.83,0.049631209,5216.07,0.053033107,-0.003401898,721,-2.86
1,1955.94,0.04947361,5173.27,0.052792767,-0.003319158,722,-2.87
3,1973.99,0.04939147,5230.17,0.052637243,-0.003245774,725,-2.88
1,1974.55,0.049891953,5235.31,0.053042524,-0.003150572,726,-2.88
1,1972.01,0.049898457,5235.4,0.053046908,-0.003148451,727,-2.88
1,1965.29,0.049904665,5222.13,0.053039595,-0.00313493,728,-2.89
1,1936.19,0.049330854,5140.6,0.052434318,-0.003103464,729,-2.89
3,1942.6,0.049309649,5165.64,0.052391677,-0.003082028,732,-2.90
1,1935.67,0.049634279,5145.16,0.05275238,-0.003118101,733,-2.91
1,1938.01,0.049697842,5152.4,0.052823604,-0.003125763,734,-2.91
1,1949.57,0.049628218,5180.1,0.052791548,-0.00316333,735,-2.92
1,1945.92,0.049534758,5174.9,0.052656657,-0.003121899,736,-2.92
3,1950.78,0.049784039,5195.72,0.05287194,-0.003087901,739,-2.93
1,1927.58,0.04964467,5120.68,0.05263137,-0.0029867,740,-2.94
1,1935.26,0.050054097,5154.35,0.053000039,-0.002945941,741,-2.94
1,1972.53,0.050013875,5252.9,0.052901109,-0.002887234,742,-2.94
1,1976.3,0.050735347,5258.58,0.053313264,-0.002577917,743,-2.95
3,1994.78,0.050736788,5295.75,0.053337657,-0.002600869,746,-2.96
1,1986.95,0.051551322,5266.12,0.054084449,-0.002533127,747,-2.96
1,1991.19,0.052489908,5281.93,0.054589548,-0.002099641,748,-2.97
1,1991.92,0.0527276,5274.26,0.054736975,-0.002009375,749,-2.97
1,1995.33,0.052858532,5293.65,0.054689013,-0.001830481,750,-2.98
3,2004.66,0.053021808,5310.72,0.05484823,-0.001826422,753,-2.99
1,1991.11,0.053093516,5263.31,0.056026849,-0.002933333,754,-2.99
1,1975.26,0.054190962,5216.88,0.057042814,-0.002851852,755,-3.00
1,1985.97,0.05575807,5243.29,0.058539875,-0.002781805,756,-3.00
1,1985.03,0.066778632,5261.74,0.06908825,-0.002309619,757,-3.00
3,1974.59,0.067285442,5240.59,0.069594439,-0.002308997,760,-3.02
1,1999.8,0.067254957,5299.71,0.06962722,-0.002372263,761,-3.02
1,1989.27,0.067268219,5264.24,0.069615825,-0.002347606,762,-3.02
1,1990.68,0.068970894,5265.53,0.071263038,-0.002292144,763,-3.03
1,1988.56,0.068909399,5269.22,0.07119165,-0.002282251,764,-3.03
3,2003.99,0.068912551,5307.89,0.071145765,-0.002233214,767,-3.04
1,2014.4,0.069278457,5343.41,0.071421993,-0.002143536,768,-3.05
1,2006.48,0.069936593,5318.67,0.072122682,-0.002186089,769,-3.05
1,1989.21,0.070366514,5283.63,0.07253563,-0.002169116,770,-3.06
1,1996.59,0.070947042,5305.94,0.07299681,-0.002049767,771,-3.06
3,1999.87,0.071076197,5332.47,0.073090045,-0.002013849,774,-3.07
1,2002.35,0.071346132,5336.64,0.073345911,-0.001999779,775,-3.08
1,1999.34,0.071505202,5337.16,0.073531257,-0.002026056,776,-3.08
1,1999.65,0.071507121,5341.34,0.073530616,-0.002023495,777,-3.08
1,1998.51,0.071396515,5348.16,0.073451737,-0.002055222,778,-3.09
3,1988.19,0.071378985,5322.88,0.073427838,-0.002048853,781,-3.10
1,1987.08,0.071660234,5324.4,0.073696237,-0.002036003,782,-3.10
1,1968.63,0.071557957,5289.73,0.073676359,-0.002118402,783,-3.11
1,1980.57,0.07151659,5317.89,0.073652873,-0.002136283,784,-3.11
1,2014.86,0.070918337,5406.1,0.073085363,-0.002167026,785,-3.12
3,2010.7,0.071007387,5417.4,0.073142798,-0.002135411,788,-3.13
1,2004.04,0.071286169,5405.42,0.073512316,-0.002226148,789,-3.13
1,1995.22,0.071886728,5383.42,0.07427275,-0.002386022,790,-3.13
1,2009.05,0.071844004,5400.46,0.074317609,-0.002473605,791,-3.14
1,2006.84,0.071865207,5398.01,0.074464821,-0.002599614,792,-3.14
3,2003.7,0.071951006,5382.95,0.07455003,-0.002599025,795,-3.15
1,2015.78,0.072133531,5432.4,0.074685324,-0.002551794,796,-3.16
1,1993.02,0.071959353,5372.42,0.07453897,-0.002579617,797,-3.16
1,1964.32,0.071681257,5301,0.07430767,-0.002626413,798,-3.17
1,1966.88,0.07148436,5304.15,0.074147534,-0.002663174,799,-3.17
3,1950.42,0.071448885,5267.33,0.074122624,-0.00267374,802,-3.18
1,1950.42,0.07165553,5267.33,0.074365511,-0.002709982,803,-3.19
1,1952.07,0.071700627,5271.7,0.074381245,-0.002680618,804,-3.19
1,1958.44,0.071688845,5287.88,0.074401808,-0.002712963,805,-3.19
1,1954.34,0.071489108,5277.88,0.074210068,-0.00272096,806,-3.20
3,1952.36,0.071487738,5268.85,0.07420782,-0.002720082,809,-3.21
1,1881.11,0.069883275,5059.2,0.072381143,-0.002497868,810,-3.21
1,1885.35,0.070290282,5077.91,0.072710565,-0.002420283,811,-3.22
1,1861.93,0.07007809,5003.73,0.072431579,-0.002353489,812,-3.22
1,1852.28,0.070429143,4990.25,0.073309072,-0.002879929,813,-3.23
3,1881.81,0.070087809,5071.1,0.072965691,-0.002877883,816,-3.24
1,1881.81,0.0703888,5071.1,0.073217156,-0.002828356,817,-3.24
1,1881.81,0.070392435,5071.1,0.073228014,-0.002835579,818,-3.25
1,1892.33,0.070449548,5101.11,0.073217134,-0.002767586,819,-3.25
1,1892.52,0.070251949,5101.86,0.073021022,-0.002769073,820,-3.25
3,1899.18,0.07025339,5107.45,0.073024656,-0.002771266,823,-3.27
1,1906.51,0.070453608,5135.28,0.073233602,-0.002779994,824,-3.27
1,1900.43,0.07068211,5121.44,0.073454473,-0.002772363,825,-3.27
1,1890.95,0.070651749,5091.85,0.073418691,-0.002766942,826,-3.28
1,1892.05,0.070463104,5101.13,0.07322409,-0.002760986,827,-3.28
3,1891.28,0.070464009,5085.91,0.073241704,-0.002777695,830,-3.29
1,1902.8,0.071853856,5122.51,0.074792138,-0.002938281,831,-3.30
1,1887.86,0.071815956,5089.64,0.074815231,-0.002999275,832,-3.30
1,1874.52,0.071787546,5069.04,0.07480009,-0.003012543,833,-3.31
1,1868.16,0.071844143,5046.2,0.074795288,-0.002951145,834,-3.31
3,1856.21,0.071862188,5017.43,0.074859996,-0.002997808,837,-3.32
1,1859.57,0.072090721,5020.9,0.0751562,-0.003065479,838,-3.33
1,1858.02,0.072868695,5032.76,0.075781786,-0.002913091,839,-3.33
1,1845.97,0.07281222,4994.7,0.075743672,-0.002931452,840,-3.33
1,1856.54,0.072786746,5002.43,0.075794093,-0.003007347,841,-3.34
3,1864.29,0.072946171,5012.16,0.076021009,-0.003074838,844,-3.35
1,1867.7,0.073562337,5029.24,0.076620653,-0.003058316,845,-3.35
1,1862.99,0.073594946,5013.38,0.076700298,-0.003105351,846,-3.36
1,1851.63,0.073545187,4985.48,0.076660554,-0.003115367,847,-3.36
1,1854.46,0.073334043,4974.26,0.07643723,-0.003103187,848,-3.37
3,1860.31,0.073761191,4999.6,0.0769933,-0.003232109,851,-3.38
1,1854.17,0.073956623,4993.32,0.077213846,-0.003257222,852,-3.38
1,1854.21,0.073956635,4981.51,0.077207862,-0.003251228,853,-3.38
1,1849.48,0.073996104,4960.48,0.077262438,-0.003266335,854,-3.39
1,1849.52,0.073844322,4955,0.077066848,-0.003222526,855,-3.39
3,1855.66,0.073829847,4972.19,0.077077455,-0.003247608,858,-3.40
1,1862.94,0.074019083,4995.13,0.07727517,-0.003256087,859,-3.41
1,1853.32,0.074054833,4963.8,0.077297491,-0.003242658,860,-3.41
1,1851.54,0.074095698,4960.83,0.077308944,-0.003213246,861,-3.42
1,1822.62,0.074893393,4858.58,0.077849149,-0.002955756,862,-3.42
3,1818.89,0.075209104,4845.18,0.07820688,-0.002997776,865,-3.43
1,1814.96,0.075423674,4845.24,0.078458688,-0.003035014,866,-3.44
1,1832.85,0.075495206,4891.29,0.078440455,-0.002945249,867,-3.44
1,1836.44,0.075529886,4895.88,0.078452297,-0.002922411,868,-3.44
1,1834.73,0.075527695,4888.76,0.078331532,-0.002803837,869,-3.45
3,1828.51,0.075528819,4864.99,0.078306953,-0.002778133,872,-3.46
1,1825.97,0.07574929,4867.58,0.078549565,-0.002800274,873,-3.46
1,1837.22,0.076056994,4899.46,0.078680763,-0.00262377,874,-3.47
1,1842.43,0.076228539,4924.86,0.078748085,-0.002519547,875,-3.47
1,1834.87,0.076274764,4895.82,0.078777106,-0.002502342,876,-3.48
3,1830.78,0.076513362,4888.19,0.079378353,-0.002864991,879,-3.49
1,1810.95,0.077142991,4828.32,0.079898055,-0.002755064,880,-3.49
1,1806.73,0.07733118,4826.24,0.080141714,-0.002810533,881,-3.50
1,1793.62,0.077613865,4766.6,0.080337706,-0.002723841,882,-3.50
1,1787.5,0.07743061,4754.47,0.08012152,-0.00269091,883,-3.50
3,1790.96,0.077437175,4778.08,0.080094393,-0.002657218,886,-3.52
1,1811.17,0.078624527,4825.42,0.081253587,-0.00262906,887,-3.52
1,1802.87,0.078605986,4794.29,0.081204624,-0.002598638,888,-3.52
1,1796.14,0.079905545,4794.58,0.08225655,-0.002351006,889,-3.53
1,1780.53,0.080027111,4748.9,0.082649793,-0.002622682,890,-3.53
3,1793.96,0.081892172,4784.64,0.084573774,-0.002681602,893,-3.54
1,1818.2,0.082171922,4839.98,0.084949014,-0.002777093,894,-3.55
1,1823.05,0.082530714,4867.24,0.08524729,-0.002716577,895,-3.55
1,1823.46,0.084291032,4877.67,0.08644667,-0.002155638,896,-3.56
1,1809.29,0.084024771,4830.03,0.086142689,-0.002117918,897,-3.56
3,1802.13,0.084015668,4821.41,0.086139241,-0.002123573,900,-3.57
1,1809.67,0.084459668,4850.67,0.086545447,-0.002085778,901,-3.58
1,1806.35,0.0851447,4841.14,0.087243525,-0.002098825,902,-3.58
1,1802.47,0.085170787,4853.4,0.087271588,-0.002100801,903,-3.58
1,1805.68,0.085320532,4859.69,0.087548248,-0.002227716,904,-3.59
3,1809.7,0.085444787,4882.18,0.087723221,-0.002278434,907,-3.60
1,1823.06,0.085657689,4922.49,0.087929189,-0.0022715,908,-3.60
1,1802.93,0.085612516,4863.97,0.087892553,-0.002280036,909,-3.61
1,1814.72,0.085595314,4888.71,0.087902191,-0.002306877,910,-3.61
1,1812.67,0.086413323,4888.23,0.088680443,-0.00226712,911,-3.62
3,1813.5,0.086862823,4887.57,0.08909894,-0.002236118,914,-3.63
1,1818.07,0.088351159,4909.84,0.090667802,-0.002316644,915,-3.63
1,1815.74,0.088839915,4900.64,0.091075375,-0.00223546,916,-3.63
1,1814.99,0.08894003,4899.4,0.091101127,-0.002161097,917,-3.64
1,1818.6,0.089323723,4899.33,0.091463795,-0.002140072,918,-3.64
3,1813.09,0.089776148,4882.38,0.091801344,-0.002025195,921,-3.65
1,1801.76,0.089995865,4862.31,0.092053353,-0.002057488,922,-3.66
1,1797.58,0.090170675,4838.47,0.092272687,-0.002102012,923,-3.66
1,1800.04,0.090189466,4848.01,0.09229364,-0.002104175,924,-3.67
1,1802.69,0.090098406,4848.28,0.092302218,-0.002203812,925,-3.67
3,1799.77,0.090436621,4839.68,0.092614241,-0.00217762,928,-3.68
1,1799.77,0.090980131,4839.68,0.093046142,-0.00206601,929,-3.69
1,1794.4,0.090981229,4834.63,0.093056804,-0.002075575,930,-3.69
1,1798.97,0.091749146,4833.82,0.093713094,-0.001963948,931,-3.69
1,1799.43,0.091489531,4849.89,0.093436522,-0.001946991,932,-3.70
3,1790.2,0.0915208,4822.77,0.093480898,-0.001960098,935,-3.71
1,1791.42,0.091785778,4833.27,0.093769,-0.001983222,936,-3.71
1,1786.78,0.092039076,4819.23,0.094094014,-0.002054938,937,-3.72
1,1776.13,0.092079775,4769.24,0.094079737,-0.001999962,938,-3.72
1,1782.65,0.091805065,4803.87,0.093759292,-0.001954228,939,-3.73
3,1771.41,0.091766319,4760.77,0.093681099,-0.00191478,942,-3.74
1,1773.87,0.092601903,4764.07,0.094502492,-0.001900589,943,-3.74
1,1765.67,0.09258132,4735.48,0.094465261,-0.001883941,944,-3.75
1,1748.48,0.092593254,4694.72,0.094564938,-0.001971684,945,-3.75
1,1725.88,0.092340536,4631.94,0.094240748,-0.001900211,946,-3.75
3,1706.21,0.092320882,4574.32,0.094212373,-0.001891491,949,-3.77
1,1687.37,0.092464539,4528.82,0.094381206,-0.001916667,950,-3.77
1,1701.41,0.093055765,4560.61,0.095328977,-0.002273212,951,-3.77
1,1710.66,0.093290798,4578.34,0.095608224,-0.002317426,952,-3.78
1,1702.35,0.093368113,4551.46,0.095655642,-0.002287529,953,-3.78
3,1690.79,0.093329638,4510.39,0.095572297,-0.002242659,956,-3.79
1,1704.04,0.093604775,4550.27,0.095857049,-0.002252274,957,-3.80
1,1704.96,0.093908293,4542.56,0.096108554,-0.002200261,958,-3.80
1,1699.74,0.093964091,4529.21,0.096178356,-0.002214265,959,-3.81
1,1708.19,0.093680249,4548.35,0.095899056,-0.002218806,960,-3.81
3,1697.2,0.094455998,4529.58,0.097219951,-0.002763953,963,-3.82
1,1690.69,0.094715987,4504.35,0.097467636,-0.002751649,964,-3.83
1,1692.9,0.094748963,4527.77,0.097517062,-0.002768099,965,-3.83
1,1683.26,0.094755154,4501.14,0.097513103,-0.002757949,966,-3.83
1,1692.54,0.094459118,4536.53,0.09718621,-0.002727092,967,-3.84
3,1680.86,0.094571313,4508.55,0.097264197,-0.002692884,970,-3.85
1,1678.77,0.095033671,4489.27,0.097746354,-0.002712683,971,-3.85
1,1688.13,0.095279278,4530.95,0.09786209,-0.002582812,972,-3.86
1,1698.69,0.095255919,4543.48,0.097874346,-0.002618427,973,-3.86
1,1679.54,0.094855151,4476.89,0.0973806,-0.00252545,974,-3.87
3,1675.84,0.09489273,4461.21,0.097371209,-0.002478479,977,-3.88
1,1647.05,0.094862515,4377.46,0.097325697,-0.002463182,978,-3.88
1,1663.74,0.095413978,4411.68,0.098012056,-0.002598077,979,-3.88
1,1664.78,0.095414882,4414.67,0.09801217,-0.002597288,980,-3.89
1,1687.37,0.095074595,4470.28,0.097680004,-0.002605409,981,-3.89
3,1704.74,0.095215795,4509.26,0.097984998,-0.002769203,984,-3.90
1,1714.78,0.095515049,4548.58,0.098254552,-0.002739503,985,-3.91
1,1709.52,0.095508549,4533.57,0.098243711,-0.002735161,986,-3.91
1,1709.3,0.095733636,4534.59,0.098460145,-0.002726509,987,-3.92
1,1708.83,0.095507348,4540.84,0.098180409,-0.002673062,988,-3.92
3,1716.5,0.095488553,4552.58,0.098214337,-0.002725784,991,-3.93
1,1708.85,0.09577176,4536.07,0.098485811,-0.00271405,992,-3.94
1,1708.25,0.095773772,4540.12,0.098501347,-0.002727574,993,-3.94
1,1708.27,0.095802688,4520.3,0.098496528,-0.002693841,994,-3.94
1,1700.43,0.095511429,4508.91,0.098217393,-0.002705965,995,-3.95
3,1677.98,0.095331472,4450.23,0.098048184,-0.002716711,998,-3.96
1,1684.95,0.095654692,4470.92,0.098384385,-0.002729693,999,-3.96
1,1662.93,0.095653576,4405.17,0.098271011,-0.002617435,1000,-3.97
1,1678.11,0.095627266,4452.24,0.098187512,-0.002560246,1001,-3.97
1,1685.05,0.095928234,4471.74,0.098508978,-0.002580743,1002,-3.98
3,1695.34,0.096284619,4497.26,0.098978174,-0.002693555,1005,-3.99
1,1679.53,0.096512682,4449.91,0.09916884,-0.002656158,1006,-3.99
1,1695.74,0.09643795,4480.1,0.099164823,-0.002726874,1007,-4.00
1,1701.67,0.096425599,4489.95,0.099160137,-0.002734538,1008,-4.00
1,1709.64,0.096141625,4503.09,0.098905067,-0.002763441,1009,-4.00
3,1696.15,0.09621738,4453.56,0.098985131,-0.002767751,1012,-4.02
1,1699.44,0.096534375,4448.26,0.099318878,-0.002784503,1013,-4.02
1,1694.49,0.096609482,4443.84,0.099410811,-0.002801329,1014,-4.02
1,1694.74,0.096657458,4432.45,0.099411518,-0.002754061,1015,-4.03
1,1678.8,0.096326157,4398.68,0.099101868,-0.002775711,1016,-4.03
3,1685.17,0.096324498,4407.85,0.099100914,-0.002776416,1019,-4.04
1,1713.37,0.096323757,4488.69,0.09905834,-0.002734583,1020,-4.05
1,1720.45,0.096422268,4509.82,0.099124363,-0.002702094,1021,-4.05
1,1689.3,0.097106014,4409.55,0.099820152,-0.002714139,1022,-4.06
1,1680.59,0.096853097,4388.6,0.099567399,-0.002714303,1023,-4.06
3,1683.26,0.096879159,4394.19,0.099606766,-0.002727607,1026,-4.07
1,1661.46,0.097649487,4332.45,0.100322228,-0.002672741,1027,-4.08
1,1673.19,0.097615964,4373.22,0.100245771,-0.002629807,1028,-4.08
1,1667.47,0.098301795,4370.26,0.101006387,-0.002704591,1029,-4.08
1,1674.86,0.098735951,4387.18,0.101585313,-0.002849363,1030,-4.09
3,1688.24,0.099123051,4439.8,0.10181301,-0.002689959,1033,-4.10
1,1708.96,0.099260336,4491.4,0.101974706,-0.00271437,1034,-4.10
1,1725.88,0.100168138,4542.2,0.103012565,-0.002844427,1035,-4.11
1,1730.79,0.100202505,4557.66,0.103114134,-0.002911628,1036,-4.11
1,1719.15,0.100226418,4529.96,0.103423234,-0.003196816,1037,-4.12
3,1725.06,0.100226658,4541.08,0.103421341,-0.003194683,1040,-4.13
1,1723.42,0.100619022,4542.17,0.103974251,-0.003355229,1041,-4.13
1,1692.29,0.100353756,4439.67,0.103602869,-0.003249113,1042,-4.13
1,1687.42,0.100395084,4438.22,0.103645708,-0.003250625,1043,-4.14
1,1692.22,0.100258525,4457.49,0.103437727,-0.003179202,1044,-4.14
3,1679.78,0.100382156,4424.25,0.103588141,-0.003205985,1047,-4.15
1,1687.34,0.100785295,4441.87,0.104060194,-0.003274899,1048,-4.16
1,1675.71,0.100877611,4406.61,0.10410671,-0.003229099,1049,-4.16
1,1688.21,0.100840846,4435.47,0.104098877,-0.003258031,1050,-4.17
1,1685.51,0.101320929,4421.45,0.104553077,-0.003232148,1051,-4.17
3,1671,0.101659966,4389.94,0.104933932,-0.003273966,1054,-4.18
1,1670.69,0.101948335,4400.52,0.105234741,-0.003286406,1055,-4.19
1,1682.47,0.102447689,4437.06,0.105719978,-0.003272289,1056,-4.19
1,1670.13,0.102430463,4417.68,0.105723175,-0.003292712,1057,-4.19
1,1687.89,0.102035014,4460.44,0.105350608,-0.003315593,1058,-4.20
3,1704.38,0.102659622,4497.86,0.106368737,-0.003709115,1061,-4.21
1,1702.77,0.103109852,4500.19,0.106851883,-0.003742032,1062,-4.21
1,1703.35,0.104599602,4503.95,0.108346615,-0.003747013,1063,-4.22
1,1687.18,0.106889893,4452.01,0.11091992,-0.004030027,1064,-4.22
1,1689.07,0.10744507,4468.07,0.111515199,-0.004070129,1065,-4.23
3,1672.31,0.107753221,4415.46,0.111770072,-0.004016851,1068,-4.24
1,1669.05,0.10832253,4410.55,0.112358829,-0.004036299,1069,-4.24
1,1645.18,0.108134942,4345.63,0.112173652,-0.00403871,1070,-4.25
1,1632.9,0.108090978,4321.08,0.11217405,-0.004083073,1071,-4.25
1,1636.52,0.107783819,4327.99,0.111886982,-0.004103164,1072,-4.25
3,1667.06,0.107586291,4409.17,0.111720099,-0.004133808,1075,-4.27
1,1679.81,0.108667748,4439.81,0.113038642,-0.004370894,1076,-4.27
1,1668.12,0.108883122,4420.58,0.113325505,-0.004442383,1077,-4.27
1,1679.05,0.108884462,4446.96,0.113348239,-0.004463777,1078,-4.28
1,1656.48,0.108461321,4394.77,0.112952483,-0.004491162,1079,-4.28
3,1652.79,0.108461873,4388,0.112951117,-0.004489244,1082,-4.29
1,1646.44,0.108853098,4381.1,0.113501853,-0.004648755,1083,-4.30
1,1643.98,0.108851096,4376.25,0.113503109,-0.004652013,1084,-4.30
1,1644.67,0.108874873,4379.76,0.113550153,-0.00467528,1085,-4.31
1,1627.8,0.108493736,4330.13,0.113161186,-0.004667451,1086,-4.31
3,1637.28,0.108497431,4357.74,0.113154969,-0.004657539,1089,-4.32
1,1636.98,0.10882031,4372.51,0.113521676,-0.004701365,1090,-4.33
1,1645.57,0.108864215,4385.52,0.113600922,-0.004736707,1091,-4.33
1,1626.67,0.109343849,4335.26,0.114067488,-0.00472364,1092,-4.33
1,1625.67,0.1090731,4331.38,0.113772821,-0.004699721,1093,-4.34
3,1601.5,0.108873558,4264.53,0.113566298,-0.00469274,1096,-4.35
1,1572.1,0.108901527,4190.68,0.113645076,-0.00474355,1097,-4.35
1,1539.11,0.108534079,4117.85,0.113422503,-0.004888424,1098,-4.36
1,1524.79,0.108472559,4085.3,0.113378884,-0.004906325,1099,-4.36
1,1554.26,0.107836751,4163.42,0.112749215,-0.004912463,1100,-4.37
3,1589.53,0.107514796,4234.86,0.112683498,-0.005168702,1103,-4.38
1,1607.61,0.107718034,4273.96,0.112937443,-0.005219409,1104,-4.38
1,1587.74,0.107583338,4237.48,0.112914466,-0.005331128,1105,-4.38
1,1571.13,0.107739361,4195.32,0.113146932,-0.00540757,1106,-4.39
1,1573.97,0.108020011,4088.85,0.113043226,-0.005023215,1107,-4.39
3,1573.97,0.107825338,3984.72,0.11301531,-0.005189972,1110,-4.40
1,1573.97,0.107330034,4106.73,0.112595896,-0.005265862,1111,-4.41
1,1573.97,0.101253618,4465.9,0.106794737,-0.005541119,1112,-4.41
1,1573.97,0.101168464,4380.03,0.106827383,-0.005658919,1113,-4.42
1,1573.97,0.100896858,4367.24,0.106546735,-0.005649877,1114,-4.42
3,1573.97,0.100982419,4340.76,0.106600681,-0.005618262,1117,-4.43
1,1573.97,0.100427572,4193.83,0.106153422,-0.005725851,1118,-4.44
1,1573.97,0.100584117,4153.01,0.106315615,-0.005731498,1119,-4.44
1,1586.41,0.101569151,4171.58,0.107628479,-0.006059328,1120,-4.44
1,1567.27,0.101143515,4130.33,0.107245286,-0.006101771,1121,-4.45
3,1602.12,0.10067782,4227.02,0.106758839,-0.006081019,1124,-4.46
1,1633.78,0.100636577,4306.72,0.106747772,-0.006111195,1125,-4.46
1,1673.57,0.100184616,4405.61,0.106401273,-0.006216657,1126,-4.47
1,1690.13,0.101088792,4448.73,0.107590159,-0.006501367,1127,-4.47
1,1702.28,0.100765211,4475.86,0.107257816,-0.006492605,1128,-4.48
3,1683.86,0.100653582,4423.38,0.107138072,-0.00648449,1131,-4.49
1,1681.85,0.101064117,4421.78,0.107537089,-0.006472973,1132,-4.49
1,1695.73,0.101037674,4466,0.107470401,-0.006432727,1133,-4.50
1,1689.41,0.101352668,4475.39,0.107750226,-0.006397558,1134,-4.50
1,1702.32,0.101145581,4505.62,0.107587335,-0.006441753,1135,-4.50
3,1708.27,0.10114522,4529.4,0.107611276,-0.006466057,1138,-4.52
1,1703.98,0.10167067,4514.74,0.108178423,-0.006507752,1139,-4.52
1,1707.89,0.101666207,4512.64,0.108180352,-0.006514145,1140,-4.52
1,1693.74,0.10170773,4481.64,0.108287893,-0.006580163,1141,-4.53
1,1679.9,0.101516909,4431.52,0.10802942,-0.006512511,1142,-4.53
3,1644.3,0.101185929,4325.1,0.10757567,-0.006389741,1145,-4.54
1,1650.96,0.101470696,4353.9,0.107872677,-0.006401981,1146,-4.55
1,1629.78,0.101318358,4282.54,0.107640354,-0.006321996,1147,-4.55
1,1643.06,0.101258997,4319.3,0.107584877,-0.00632588,1148,-4.56
1,1635.69,0.101378948,4297.57,0.107851103,-0.006472155,1149,-4.56
3,1637.06,0.101418108,4312.28,0.107908254,-0.006490146,1152,-4.57
1,1641.17,0.101955229,4319.99,0.108547307,-0.006592079,1153,-4.58
1,1645.2,0.101970204,4293.27,0.108551799,-0.006581595,1154,-4.58
1,1656.22,0.101942002,4316.67,0.108547824,-0.006605822,1155,-4.58
1,1659.04,0.101657053,4338.21,0.108218976,-0.006561922,1156,-4.59
3,1649.43,0.101627312,4322.81,0.108213716,-0.006586404,1159,-4.60
1,1647.11,0.101924722,4301.24,0.108506929,-0.006582206,1160,-4.60
1,1651.36,0.102195253,4319.46,0.108877733,-0.00668248,1161,-4.61
1,1651.12,0.102199476,4324.23,0.108888914,-0.006689438,1162,-4.61
1,1665.46,0.101851926,4371.98,0.108517729,-0.006665803,1163,-4.62
3,1694.39,0.101682217,4442.75,0.108449977,-0.00676776,1166,-4.63
1,1690.98,0.101968081,4428.96,0.108754904,-0.006786823,1167,-4.63
1,1726.12,0.101662754,4557.36,0.108120052,-0.006457298,1168,-4.63
1,1722.8,0.101673371,4559.4,0.108258004,-0.006584634,1169,-4.64
1,1708.1,0.101765073,4533.18,0.108461352,-0.006696279,1170,-4.64
3,1705.34,0.101764881,4546.12,0.10846155,-0.006696669,1173,-4.65
1,1719.89,0.101992117,4569.66,0.108747296,-0.006755179,1174,-4.66
1,1721.8,0.10236101,4582.83,0.109153514,-0.006792503,1175,-4.66
1,1728.11,0.102424071,4591.92,0.10919399,-0.006769919,1176,-4.67
1,1721.32,0.102119561,4566.48,0.108857511,-0.00673795,1177,-4.67
3,1698.7,0.101952704,4506.84,0.108704692,-0.006751988,1180,-4.68
1,1695.72,0.102826223,4495.17,0.109623454,-0.006797232,1181,-4.69
1,1700.66,0.103072654,4511.51,0.109910179,-0.006837524,1182,-4.69